Armt_Key,Loan_Repayment_Type,Product_Category,As_Of_Date,Process_Date
1000,Amortising,Loans,2026-02-04,2026-02-04
1001,Revolving,Loans,2026-02-04,2026-02-04
1002,Amortising,Loans,2026-02-04,2026-02-04
1003,Amortising,Loans,2026-02-04,2026-02-04
1004,Revolving,Loans,2026-02-04,2026-02-04
1005,Interest Only,Loans,2026-02-04,2026-02-04
1006,Revolving,Loans,2026-02-04,2026-02-04
1007,Revolving,Loans,2026-02-04,2026-02-04
1008,Interest Only,Loans,2026-02-04,2026-02-04
1009,Amortising,Loans,2026-02-04,2026-02-04
1010,Revolving,Loans,2026-02-04,2026-02-04
1011,Amortising,Loans,2026-02-04,2026-02-04
1012,Amortising,Loans,2026-02-04,2026-02-04
1013,Amortising,Loans,2026-02-04,2026-02-04
1014,Amortising,Loans,2026-02-04,2026-02-04
1015,Interest Only,Loans,2026-02-04,2026-02-04
1016,Amortising,Loans,2026-02-04,2026-02-04
1017,Interest Only,Loans,2026-02-04,2026-02-04
1018,Interest Only,Loans,2026-02-04,2026-02-04
1019,Amortising,Loans,2026-02-04,2026-02-04
1020,Interest Only,Loans,2026-02-04,2026-02-04
1021,Interest Only,Loans,2026-02-04,2026-02-04
1022,Amortising,Loans,2026-02-04,2026-02-04
1023,Amortising,Loans,2026-02-04,2026-02-04
1024,Revolving,Loans,2026-02-04,2026-02-04
1025,Amortising,Loans,2026-02-04,2026-02-04
1026,Amortising,Loans,2026-02-04,2026-02-04
1027,Interest Only,Loans,2026-02-04,2026-02-04
1028,Interest Only,Loans,2026-02-04,2026-02-04
1029,Amortising,Loans,2026-02-04,2026-02-04
1030,Revolving,Loans,2026-02-04,2026-02-04
1031,Amortising,Loans,2026-02-04,2026-02-04
1032,Interest Only,Loans,2026-02-04,2026-02-04
1033,Amortising,Loans,2026-02-04,2026-02-04
1034,Revolving,Loans,2026-02-04,2026-02-04
1035,Amortising,Loans,2026-02-04,2026-02-04
1036,Revolving,Loans,2026-02-04,2026-02-04
1037,Amortising,Loans,2026-02-04,2026-02-04
1038,Interest Only,Loans,2026-02-04,2026-02-04
1039,Interest Only,Loans,2026-02-04,2026-02-04
1040,Amortising,Loans,2026-02-04,2026-02-04
1041,Revolving,Loans,2026-02-04,2026-02-04
1042,Interest Only,Loans,2026-02-04,2026-02-04
1043,Amortising,Loans,2026-02-04,2026-02-04
1044,Amortising,Loans,2026-02-04,2026-02-04
1045,Amortising,Loans,2026-02-04,2026-02-04
1046,Amortising,Loans,2026-02-04,2026-02-04
1047,Amortising,Loans,2026-02-04,2026-02-04
1048,Interest Only,Loans,2026-02-04,2026-02-04
1049,Revolving,Loans,2026-02-04,2026-02-04
1050,Interest Only,Loans,2026-02-04,2026-02-04
1051,Interest Only,Loans,2026-02-04,2026-02-04
1052,Amortising,Loans,2026-02-04,2026-02-04
1053,Interest Only,Loans,2026-02-04,2026-02-04
1054,Interest Only,Loans,2026-02-04,2026-02-04
1055,Revolving,Loans,2026-02-04,2026-02-04
1056,Amortising,Loans,2026-02-04,2026-02-04
1057,Interest Only,Loans,2026-02-04,2026-02-04
1058,Amortising,Loans,2026-02-04,2026-02-04
1059,Interest Only,Loans,2026-02-04,2026-02-04
1060,Amortising,Loans,2026-02-04,2026-02-04
1061,Revolving,Loans,2026-02-04,2026-02-04
1062,Interest Only,Loans,2026-02-04,2026-02-04
1063,Interest Only,Loans,2026-02-04,2026-02-04
1064,Interest Only,Loans,2026-02-04,2026-02-04
1065,Amortising,Loans,2026-02-04,2026-02-04
1066,Amortising,Loans,2026-02-04,2026-02-04
1067,Amortising,Loans,2026-02-04,2026-02-04
1068,Amortising,Loans,2026-02-04,2026-02-04
1069,Interest Only,Loans,2026-02-04,2026-02-04
1070,Amortising,Loans,2026-02-04,2026-02-04
1071,Interest Only,Loans,2026-02-04,2026-02-04
1072,Amortising,Loans,2026-02-04,2026-02-04
1073,Amortising,Loans,2026-02-04,2026-02-04
1074,Interest Only,Loans,2026-02-04,2026-02-04
1075,Amortising,Loans,2026-02-04,2026-02-04
1076,Amortising,Loans,2026-02-04,2026-02-04
1077,Amortising,Loans,2026-02-04,2026-02-04
1078,Interest Only,Loans,2026-02-04,2026-02-04
1079,Amortising,Loans,2026-02-04,2026-02-04
1080,Interest Only,Loans,2026-02-04,2026-02-04
1081,Revolving,Loans,2026-02-04,2026-02-04
1082,Interest Only,Loans,2026-02-04,2026-02-04
1083,Amortising,Loans,2026-02-04,2026-02-04
1084,Amortising,Loans,2026-02-04,2026-02-04
1085,Amortising,Loans,2026-02-04,2026-02-04
1086,Amortising,Loans,2026-02-04,2026-02-04
1087,Amortising,Loans,2026-02-04,2026-02-04
1088,Interest Only,Loans,2026-02-04,2026-02-04
1089,Revolving,Loans,2026-02-04,2026-02-04
1090,Amortising,Loans,2026-02-04,2026-02-04
1091,Revolving,Loans,2026-02-04,2026-02-04
1092,Amortising,Loans,2026-02-04,2026-02-04
1093,Revolving,Loans,2026-02-04,2026-02-04
1094,Amortising,Loans,2026-02-04,2026-02-04
1095,Interest Only,Loans,2026-02-04,2026-02-04
1096,Amortising,Loans,2026-02-04,2026-02-04
1097,Amortising,Loans,2026-02-04,2026-02-04
1098,Amortising,Loans,2026-02-04,2026-02-04
1099,Amortising,Loans,2026-02-04,2026-02-04
1100,Revolving,Loans,2026-02-04,2026-02-04
1101,Interest Only,Loans,2026-02-04,2026-02-04
1102,Interest Only,Loans,2026-02-04,2026-02-04
1103,Interest Only,Loans,2026-02-04,2026-02-04
1104,Amortising,Loans,2026-02-04,2026-02-04
1105,Amortising,Loans,2026-02-04,2026-02-04
1106,Revolving,Loans,2026-02-04,2026-02-04
1107,Amortising,Loans,2026-02-04,2026-02-04
1108,Interest Only,Loans,2026-02-04,2026-02-04
1109,Interest Only,Loans,2026-02-04,2026-02-04
1110,Interest Only,Loans,2026-02-04,2026-02-04
1111,Interest Only,Loans,2026-02-04,2026-02-04
1112,Revolving,Loans,2026-02-04,2026-02-04
1113,Interest Only,Loans,2026-02-04,2026-02-04
1114,Interest Only,Loans,2026-02-04,2026-02-04
1115,Interest Only,Loans,2026-02-04,2026-02-04
1116,Amortising,Loans,2026-02-04,2026-02-04
1117,Interest Only,Loans,2026-02-04,2026-02-04
1118,Revolving,Loans,2026-02-04,2026-02-04
1119,Amortising,Loans,2026-02-04,2026-02-04
1120,Amortising,Loans,2026-02-04,2026-02-04
1121,Amortising,Loans,2026-02-04,2026-02-04
1122,Revolving,Loans,2026-02-04,2026-02-04
1123,Revolving,Loans,2026-02-04,2026-02-04
1124,Interest Only,Loans,2026-02-04,2026-02-04
1125,Amortising,Loans,2026-02-04,2026-02-04
1126,Interest Only,Loans,2026-02-04,2026-02-04
1127,Interest Only,Loans,2026-02-04,2026-02-04
1128,Amortising,Loans,2026-02-04,2026-02-04
1129,Amortising,Loans,2026-02-04,2026-02-04
1130,Amortising,Loans,2026-02-04,2026-02-04
1131,Amortising,Loans,2026-02-04,2026-02-04
1132,Amortising,Loans,2026-02-04,2026-02-04
1133,Interest Only,Loans,2026-02-04,2026-02-04
1134,Interest Only,Loans,2026-02-04,2026-02-04
1135,Interest Only,Loans,2026-02-04,2026-02-04
1136,Amortising,Loans,2026-02-04,2026-02-04
1137,Amortising,Loans,2026-02-04,2026-02-04
1138,Interest Only,Loans,2026-02-04,2026-02-04
1139,Interest Only,Loans,2026-02-04,2026-02-04
1140,Revolving,Loans,2026-02-04,2026-02-04
1141,Interest Only,Loans,2026-02-04,2026-02-04
1142,Interest Only,Loans,2026-02-04,2026-02-04
1143,Amortising,Loans,2026-02-04,2026-02-04
1144,Interest Only,Loans,2026-02-04,2026-02-04
1145,Interest Only,Loans,2026-02-04,2026-02-04
1146,Amortising,Loans,2026-02-04,2026-02-04
1147,Amortising,Loans,2026-02-04,2026-02-04
1148,Interest Only,Loans,2026-02-04,2026-02-04
1149,Amortising,Loans,2026-02-04,2026-02-04
1150,Revolving,Loans,2026-02-04,2026-02-04
1151,Amortising,Loans,2026-02-04,2026-02-04
1152,Amortising,Loans,2026-02-04,2026-02-04
1153,Amortising,Loans,2026-02-04,2026-02-04
1154,Revolving,Loans,2026-02-04,2026-02-04
1155,Amortising,Loans,2026-02-04,2026-02-04
1156,Interest Only,Loans,2026-02-04,2026-02-04
1157,Amortising,Loans,2026-02-04,2026-02-04
1158,Amortising,Loans,2026-02-04,2026-02-04
1159,Interest Only,Loans,2026-02-04,2026-02-04
1160,Interest Only,Loans,2026-02-04,2026-02-04
1161,Amortising,Loans,2026-02-04,2026-02-04
1162,Revolving,Loans,2026-02-04,2026-02-04
1163,Amortising,Loans,2026-02-04,2026-02-04
1164,Interest Only,Loans,2026-02-04,2026-02-04
1165,Interest Only,Loans,2026-02-04,2026-02-04
1166,Interest Only,Loans,2026-02-04,2026-02-04
1167,Interest Only,Loans,2026-02-04,2026-02-04
1168,Interest Only,Loans,2026-02-04,2026-02-04
1169,Amortising,Loans,2026-02-04,2026-02-04
1170,Amortising,Loans,2026-02-04,2026-02-04
1171,Amortising,Loans,2026-02-04,2026-02-04
1172,Amortising,Loans,2026-02-04,2026-02-04
1173,Amortising,Loans,2026-02-04,2026-02-04
1174,Interest Only,Loans,2026-02-04,2026-02-04
1175,Amortising,Loans,2026-02-04,2026-02-04
1176,Amortising,Loans,2026-02-04,2026-02-04
1177,Revolving,Loans,2026-02-04,2026-02-04
1178,Amortising,Loans,2026-02-04,2026-02-04
1179,Interest Only,Loans,2026-02-04,2026-02-04
1180,Interest Only,Loans,2026-02-04,2026-02-04
1181,Revolving,Loans,2026-02-04,2026-02-04
1182,Amortising,Loans,2026-02-04,2026-02-04
1183,Amortising,Loans,2026-02-04,2026-02-04
1184,Interest Only,Loans,2026-02-04,2026-02-04
1185,Interest Only,Loans,2026-02-04,2026-02-04
1186,Interest Only,Loans,2026-02-04,2026-02-04
1187,Amortising,Loans,2026-02-04,2026-02-04
1188,Interest Only,Loans,2026-02-04,2026-02-04
1189,Interest Only,Loans,2026-02-04,2026-02-04
1190,Amortising,Loans,2026-02-04,2026-02-04
1191,Interest Only,Loans,2026-02-04,2026-02-04
1192,Amortising,Loans,2026-02-04,2026-02-04
1193,Amortising,Loans,2026-02-04,2026-02-04
1194,Interest Only,Loans,2026-02-04,2026-02-04
1195,Amortising,Loans,2026-02-04,2026-02-04
1196,Amortising,Loans,2026-02-04,2026-02-04
1197,Amortising,Loans,2026-02-04,2026-02-04
1198,Amortising,Loans,2026-02-04,2026-02-04
1199,Revolving,Loans,2026-02-04,2026-02-04
1200,Amortising,Loans,2026-02-04,2026-02-04
1201,Amortising,Loans,2026-02-04,2026-02-04
1202,Amortising,Loans,2026-02-04,2026-02-04
1203,Amortising,Loans,2026-02-04,2026-02-04
1204,Amortising,Loans,2026-02-04,2026-02-04
1205,Amortising,Loans,2026-02-04,2026-02-04
1206,Amortising,Loans,2026-02-04,2026-02-04
1207,Amortising,Loans,2026-02-04,2026-02-04
1208,Amortising,Loans,2026-02-04,2026-02-04
1209,Amortising,Loans,2026-02-04,2026-02-04
1210,Amortising,Loans,2026-02-04,2026-02-04
1211,Amortising,Loans,2026-02-04,2026-02-04
1212,Revolving,Loans,2026-02-04,2026-02-04
1213,Amortising,Loans,2026-02-04,2026-02-04
1214,Interest Only,Loans,2026-02-04,2026-02-04
1215,Interest Only,Loans,2026-02-04,2026-02-04
1216,Interest Only,Loans,2026-02-04,2026-02-04
1217,Interest Only,Loans,2026-02-04,2026-02-04
1218,Amortising,Loans,2026-02-04,2026-02-04
1219,Interest Only,Loans,2026-02-04,2026-02-04
1220,Amortising,Loans,2026-02-04,2026-02-04
1221,Interest Only,Loans,2026-02-04,2026-02-04
1222,Revolving,Loans,2026-02-04,2026-02-04
1223,Amortising,Loans,2026-02-04,2026-02-04
1224,Interest Only,Loans,2026-02-04,2026-02-04
1225,Amortising,Loans,2026-02-04,2026-02-04
1226,Amortising,Loans,2026-02-04,2026-02-04
1227,Interest Only,Loans,2026-02-04,2026-02-04
1228,Amortising,Loans,2026-02-04,2026-02-04
1229,Amortising,Loans,2026-02-04,2026-02-04
1230,Amortising,Loans,2026-02-04,2026-02-04
1231,Interest Only,Loans,2026-02-04,2026-02-04
1232,Amortising,Loans,2026-02-04,2026-02-04
1233,Amortising,Loans,2026-02-04,2026-02-04
1234,Interest Only,Loans,2026-02-04,2026-02-04
1235,Interest Only,Loans,2026-02-04,2026-02-04
1236,Amortising,Loans,2026-02-04,2026-02-04
1237,Amortising,Loans,2026-02-04,2026-02-04
1238,Amortising,Loans,2026-02-04,2026-02-04
1239,Interest Only,Loans,2026-02-04,2026-02-04
1240,Amortising,Loans,2026-02-04,2026-02-04
1241,Amortising,Loans,2026-02-04,2026-02-04
1242,Interest Only,Loans,2026-02-04,2026-02-04
1243,Amortising,Loans,2026-02-04,2026-02-04
1244,Amortising,Loans,2026-02-04,2026-02-04
1245,Amortising,Loans,2026-02-04,2026-02-04
1246,Revolving,Loans,2026-02-04,2026-02-04
1247,Amortising,Loans,2026-02-04,2026-02-04
1248,Revolving,Loans,2026-02-04,2026-02-04
1249,Amortising,Loans,2026-02-04,2026-02-04
1250,Amortising,Loans,2026-02-04,2026-02-04
1251,Amortising,Loans,2026-02-04,2026-02-04
1252,Interest Only,Loans,2026-02-04,2026-02-04
1253,Amortising,Loans,2026-02-04,2026-02-04
1254,Amortising,Loans,2026-02-04,2026-02-04
1255,Amortising,Loans,2026-02-04,2026-02-04
1256,Interest Only,Loans,2026-02-04,2026-02-04
1257,Interest Only,Loans,2026-02-04,2026-02-04
1258,Revolving,Loans,2026-02-04,2026-02-04
1259,Interest Only,Loans,2026-02-04,2026-02-04
1260,Amortising,Loans,2026-02-04,2026-02-04
1261,Interest Only,Loans,2026-02-04,2026-02-04
1262,Amortising,Loans,2026-02-04,2026-02-04
1263,Interest Only,Loans,2026-02-04,2026-02-04
1264,Amortising,Loans,2026-02-04,2026-02-04
1265,Amortising,Loans,2026-02-04,2026-02-04
1266,Revolving,Loans,2026-02-04,2026-02-04
1267,Amortising,Loans,2026-02-04,2026-02-04
1268,Amortising,Loans,2026-02-04,2026-02-04
1269,Interest Only,Loans,2026-02-04,2026-02-04
1270,Amortising,Loans,2026-02-04,2026-02-04
1271,Interest Only,Loans,2026-02-04,2026-02-04
1272,Interest Only,Loans,2026-02-04,2026-02-04
1273,Interest Only,Loans,2026-02-04,2026-02-04
1274,Amortising,Loans,2026-02-04,2026-02-04
1275,Interest Only,Loans,2026-02-04,2026-02-04
1276,Amortising,Loans,2026-02-04,2026-02-04
1277,Interest Only,Loans,2026-02-04,2026-02-04
1278,Amortising,Loans,2026-02-04,2026-02-04
1279,Interest Only,Loans,2026-02-04,2026-02-04
1280,Amortising,Loans,2026-02-04,2026-02-04
1281,Amortising,Loans,2026-02-04,2026-02-04
1282,Interest Only,Loans,2026-02-04,2026-02-04
1283,Amortising,Loans,2026-02-04,2026-02-04
1284,Amortising,Loans,2026-02-04,2026-02-04
1285,Interest Only,Loans,2026-02-04,2026-02-04
1286,Interest Only,Loans,2026-02-04,2026-02-04
1287,Interest Only,Loans,2026-02-04,2026-02-04
1288,Interest Only,Loans,2026-02-04,2026-02-04
1289,Amortising,Loans,2026-02-04,2026-02-04
1290,Interest Only,Loans,2026-02-04,2026-02-04
1291,Amortising,Loans,2026-02-04,2026-02-04
1292,Amortising,Loans,2026-02-04,2026-02-04
1293,Amortising,Loans,2026-02-04,2026-02-04
1294,Interest Only,Loans,2026-02-04,2026-02-04
1295,Interest Only,Loans,2026-02-04,2026-02-04
1296,Interest Only,Loans,2026-02-04,2026-02-04
1297,Revolving,Loans,2026-02-04,2026-02-04
1298,Revolving,Loans,2026-02-04,2026-02-04
1299,Interest Only,Loans,2026-02-04,2026-02-04
1300,Amortising,Loans,2026-02-04,2026-02-04
1301,Amortising,Loans,2026-02-04,2026-02-04
1302,Revolving,Loans,2026-02-04,2026-02-04
1303,Interest Only,Loans,2026-02-04,2026-02-04
1304,Revolving,Loans,2026-02-04,2026-02-04
1305,Amortising,Loans,2026-02-04,2026-02-04
1306,Interest Only,Loans,2026-02-04,2026-02-04
1307,Amortising,Loans,2026-02-04,2026-02-04
1308,Amortising,Loans,2026-02-04,2026-02-04
1309,Revolving,Loans,2026-02-04,2026-02-04
1310,Amortising,Loans,2026-02-04,2026-02-04
1311,Revolving,Loans,2026-02-04,2026-02-04
1312,Amortising,Loans,2026-02-04,2026-02-04
1313,Amortising,Loans,2026-02-04,2026-02-04
1314,Amortising,Loans,2026-02-04,2026-02-04
1315,Interest Only,Loans,2026-02-04,2026-02-04
1316,Interest Only,Loans,2026-02-04,2026-02-04
1317,Amortising,Loans,2026-02-04,2026-02-04
1318,Amortising,Loans,2026-02-04,2026-02-04
1319,Interest Only,Loans,2026-02-04,2026-02-04
1320,Interest Only,Loans,2026-02-04,2026-02-04
1321,Interest Only,Loans,2026-02-04,2026-02-04
1322,Revolving,Loans,2026-02-04,2026-02-04
1323,Interest Only,Loans,2026-02-04,2026-02-04
1324,Revolving,Loans,2026-02-04,2026-02-04
1325,Amortising,Loans,2026-02-04,2026-02-04
1326,Interest Only,Loans,2026-02-04,2026-02-04
1327,Revolving,Loans,2026-02-04,2026-02-04
1328,Revolving,Loans,2026-02-04,2026-02-04
1329,Interest Only,Loans,2026-02-04,2026-02-04
1330,Amortising,Loans,2026-02-04,2026-02-04
1331,Interest Only,Loans,2026-02-04,2026-02-04
1332,Amortising,Loans,2026-02-04,2026-02-04
1333,Revolving,Loans,2026-02-04,2026-02-04
1334,Interest Only,Loans,2026-02-04,2026-02-04
1335,Amortising,Loans,2026-02-04,2026-02-04
1336,Interest Only,Loans,2026-02-04,2026-02-04
1337,Amortising,Loans,2026-02-04,2026-02-04
1338,Amortising,Loans,2026-02-04,2026-02-04
1339,Interest Only,Loans,2026-02-04,2026-02-04
1340,Revolving,Loans,2026-02-04,2026-02-04
1341,Amortising,Loans,2026-02-04,2026-02-04
1342,Amortising,Loans,2026-02-04,2026-02-04
1343,Interest Only,Loans,2026-02-04,2026-02-04
1344,Revolving,Loans,2026-02-04,2026-02-04
1345,Amortising,Loans,2026-02-04,2026-02-04
1346,Amortising,Loans,2026-02-04,2026-02-04
1347,Amortising,Loans,2026-02-04,2026-02-04
1348,Interest Only,Loans,2026-02-04,2026-02-04
1349,Interest Only,Loans,2026-02-04,2026-02-04
1350,Revolving,Loans,2026-02-04,2026-02-04
1351,Revolving,Loans,2026-02-04,2026-02-04
1352,Interest Only,Loans,2026-02-04,2026-02-04
1353,Interest Only,Loans,2026-02-04,2026-02-04
1354,Amortising,Loans,2026-02-04,2026-02-04
1355,Revolving,Loans,2026-02-04,2026-02-04
1356,Interest Only,Loans,2026-02-04,2026-02-04
1357,Amortising,Loans,2026-02-04,2026-02-04
1358,Amortising,Loans,2026-02-04,2026-02-04
1359,Revolving,Loans,2026-02-04,2026-02-04
1360,Interest Only,Loans,2026-02-04,2026-02-04
1361,Amortising,Loans,2026-02-04,2026-02-04
1362,Revolving,Loans,2026-02-04,2026-02-04
1363,Amortising,Loans,2026-02-04,2026-02-04
1364,Amortising,Loans,2026-02-04,2026-02-04
1365,Amortising,Loans,2026-02-04,2026-02-04
1366,Amortising,Loans,2026-02-04,2026-02-04
1367,Revolving,Loans,2026-02-04,2026-02-04
1368,Amortising,Loans,2026-02-04,2026-02-04
1369,Amortising,Loans,2026-02-04,2026-02-04
1370,Revolving,Loans,2026-02-04,2026-02-04
1371,Interest Only,Loans,2026-02-04,2026-02-04
1372,Amortising,Loans,2026-02-04,2026-02-04
1373,Revolving,Loans,2026-02-04,2026-02-04
1374,Interest Only,Loans,2026-02-04,2026-02-04
1375,Amortising,Loans,2026-02-04,2026-02-04
1376,Amortising,Loans,2026-02-04,2026-02-04
1377,Interest Only,Loans,2026-02-04,2026-02-04
1378,Amortising,Loans,2026-02-04,2026-02-04
1379,Amortising,Loans,2026-02-04,2026-02-04
1380,Interest Only,Loans,2026-02-04,2026-02-04
1381,Amortising,Loans,2026-02-04,2026-02-04
1382,Amortising,Loans,2026-02-04,2026-02-04
1383,Amortising,Loans,2026-02-04,2026-02-04
1384,Amortising,Loans,2026-02-04,2026-02-04
1385,Interest Only,Loans,2026-02-04,2026-02-04
1386,Interest Only,Loans,2026-02-04,2026-02-04
1387,Amortising,Loans,2026-02-04,2026-02-04
1388,Revolving,Loans,2026-02-04,2026-02-04
1389,Interest Only,Loans,2026-02-04,2026-02-04
1390,Interest Only,Loans,2026-02-04,2026-02-04
1391,Interest Only,Loans,2026-02-04,2026-02-04
1392,Amortising,Loans,2026-02-04,2026-02-04
1393,Interest Only,Loans,2026-02-04,2026-02-04
1394,Amortising,Loans,2026-02-04,2026-02-04
1395,Revolving,Loans,2026-02-04,2026-02-04
1396,Revolving,Loans,2026-02-04,2026-02-04
1397,Amortising,Loans,2026-02-04,2026-02-04
1398,Revolving,Loans,2026-02-04,2026-02-04
1399,Interest Only,Loans,2026-02-04,2026-02-04
1400,Interest Only,Loans,2026-02-04,2026-02-04
1401,Amortising,Loans,2026-02-04,2026-02-04
1402,Amortising,Loans,2026-02-04,2026-02-04
1403,Amortising,Loans,2026-02-04,2026-02-04
1404,Revolving,Loans,2026-02-04,2026-02-04
1405,Amortising,Loans,2026-02-04,2026-02-04
1406,Interest Only,Loans,2026-02-04,2026-02-04
1407,Interest Only,Loans,2026-02-04,2026-02-04
1408,Interest Only,Loans,2026-02-04,2026-02-04
1409,Interest Only,Loans,2026-02-04,2026-02-04
1410,Revolving,Loans,2026-02-04,2026-02-04
1411,Amortising,Loans,2026-02-04,2026-02-04
1412,Interest Only,Loans,2026-02-04,2026-02-04
1413,Amortising,Loans,2026-02-04,2026-02-04
1414,Revolving,Loans,2026-02-04,2026-02-04
1415,Interest Only,Loans,2026-02-04,2026-02-04
1416,Amortising,Loans,2026-02-04,2026-02-04
1417,Interest Only,Loans,2026-02-04,2026-02-04
1418,Amortising,Loans,2026-02-04,2026-02-04
1419,Revolving,Loans,2026-02-04,2026-02-04
1420,Amortising,Loans,2026-02-04,2026-02-04
1421,Revolving,Loans,2026-02-04,2026-02-04
1422,Interest Only,Loans,2026-02-04,2026-02-04
1423,Interest Only,Loans,2026-02-04,2026-02-04
1424,Revolving,Loans,2026-02-04,2026-02-04
1425,Amortising,Loans,2026-02-04,2026-02-04
1426,Amortising,Loans,2026-02-04,2026-02-04
1427,Interest Only,Loans,2026-02-04,2026-02-04
1428,Interest Only,Loans,2026-02-04,2026-02-04
1429,Amortising,Loans,2026-02-04,2026-02-04
1430,Interest Only,Loans,2026-02-04,2026-02-04
1431,Revolving,Loans,2026-02-04,2026-02-04
1432,Amortising,Loans,2026-02-04,2026-02-04
1433,Amortising,Loans,2026-02-04,2026-02-04
1434,Amortising,Loans,2026-02-04,2026-02-04
1435,Amortising,Loans,2026-02-04,2026-02-04
1436,Amortising,Loans,2026-02-04,2026-02-04
1437,Amortising,Loans,2026-02-04,2026-02-04
1438,Revolving,Loans,2026-02-04,2026-02-04
1439,Amortising,Loans,2026-02-04,2026-02-04
1440,Amortising,Loans,2026-02-04,2026-02-04
1441,Amortising,Loans,2026-02-04,2026-02-04
1442,Amortising,Loans,2026-02-04,2026-02-04
1443,Amortising,Loans,2026-02-04,2026-02-04
1444,Interest Only,Loans,2026-02-04,2026-02-04
1445,Amortising,Loans,2026-02-04,2026-02-04
1446,Amortising,Loans,2026-02-04,2026-02-04
1447,Amortising,Loans,2026-02-04,2026-02-04
1448,Amortising,Loans,2026-02-04,2026-02-04
1449,Amortising,Loans,2026-02-04,2026-02-04
1450,Revolving,Loans,2026-02-04,2026-02-04
1451,Amortising,Loans,2026-02-04,2026-02-04
1452,Amortising,Loans,2026-02-04,2026-02-04
1453,Revolving,Loans,2026-02-04,2026-02-04
1454,Amortising,Loans,2026-02-04,2026-02-04
1455,Amortising,Loans,2026-02-04,2026-02-04
1456,Amortising,Loans,2026-02-04,2026-02-04
1457,Revolving,Loans,2026-02-04,2026-02-04
1458,Amortising,Loans,2026-02-04,2026-02-04
1459,Interest Only,Loans,2026-02-04,2026-02-04
1460,Amortising,Loans,2026-02-04,2026-02-04
1461,Amortising,Loans,2026-02-04,2026-02-04
1462,Revolving,Loans,2026-02-04,2026-02-04
1463,Amortising,Loans,2026-02-04,2026-02-04
1464,Amortising,Loans,2026-02-04,2026-02-04
1465,Amortising,Loans,2026-02-04,2026-02-04
1466,Interest Only,Loans,2026-02-04,2026-02-04
1467,Amortising,Loans,2026-02-04,2026-02-04
1468,Revolving,Loans,2026-02-04,2026-02-04
1469,Amortising,Loans,2026-02-04,2026-02-04
1470,Amortising,Loans,2026-02-04,2026-02-04
1471,Amortising,Loans,2026-02-04,2026-02-04
1472,Amortising,Loans,2026-02-04,2026-02-04
1473,Amortising,Loans,2026-02-04,2026-02-04
1474,Amortising,Loans,2026-02-04,2026-02-04
1475,Amortising,Loans,2026-02-04,2026-02-04
1476,Amortising,Loans,2026-02-04,2026-02-04
1477,Revolving,Loans,2026-02-04,2026-02-04
1478,Amortising,Loans,2026-02-04,2026-02-04
1479,Revolving,Loans,2026-02-04,2026-02-04
1480,Amortising,Loans,2026-02-04,2026-02-04
1481,Amortising,Loans,2026-02-04,2026-02-04
1482,Interest Only,Loans,2026-02-04,2026-02-04
1483,Interest Only,Loans,2026-02-04,2026-02-04
1484,Revolving,Loans,2026-02-04,2026-02-04
1485,Revolving,Loans,2026-02-04,2026-02-04
1486,Interest Only,Loans,2026-02-04,2026-02-04
1487,Amortising,Loans,2026-02-04,2026-02-04
1488,Amortising,Loans,2026-02-04,2026-02-04
1489,Amortising,Loans,2026-02-04,2026-02-04
1490,Revolving,Loans,2026-02-04,2026-02-04
1491,Amortising,Loans,2026-02-04,2026-02-04
1492,Amortising,Loans,2026-02-04,2026-02-04
1493,Amortising,Loans,2026-02-04,2026-02-04
1494,Amortising,Loans,2026-02-04,2026-02-04
1495,Interest Only,Loans,2026-02-04,2026-02-04
1496,Revolving,Loans,2026-02-04,2026-02-04
1497,Amortising,Loans,2026-02-04,2026-02-04
1498,Amortising,Loans,2026-02-04,2026-02-04
1499,Amortising,Loans,2026-02-04,2026-02-04
1500,Revolving,Loans,2026-02-04,2026-02-04
1501,Revolving,Loans,2026-02-04,2026-02-04
1502,Revolving,Loans,2026-02-04,2026-02-04
1503,Interest Only,Loans,2026-02-04,2026-02-04
1504,Amortising,Loans,2026-02-04,2026-02-04
1505,Revolving,Loans,2026-02-04,2026-02-04
1506,Interest Only,Loans,2026-02-04,2026-02-04
1507,Amortising,Loans,2026-02-04,2026-02-04
1508,Amortising,Loans,2026-02-04,2026-02-04
1509,Amortising,Loans,2026-02-04,2026-02-04
1510,Amortising,Loans,2026-02-04,2026-02-04
1511,Amortising,Loans,2026-02-04,2026-02-04
1512,Amortising,Loans,2026-02-04,2026-02-04
1513,Interest Only,Loans,2026-02-04,2026-02-04
1514,Amortising,Loans,2026-02-04,2026-02-04
1515,Interest Only,Loans,2026-02-04,2026-02-04
1516,Interest Only,Loans,2026-02-04,2026-02-04
1517,Interest Only,Loans,2026-02-04,2026-02-04
1518,Amortising,Loans,2026-02-04,2026-02-04
1519,Amortising,Loans,2026-02-04,2026-02-04
1520,Interest Only,Loans,2026-02-04,2026-02-04
1521,Revolving,Loans,2026-02-04,2026-02-04
1522,Amortising,Loans,2026-02-04,2026-02-04
1523,Amortising,Loans,2026-02-04,2026-02-04
1524,Revolving,Loans,2026-02-04,2026-02-04
1525,Revolving,Loans,2026-02-04,2026-02-04
1526,Amortising,Loans,2026-02-04,2026-02-04
1527,Interest Only,Loans,2026-02-04,2026-02-04
1528,Revolving,Loans,2026-02-04,2026-02-04
1529,Revolving,Loans,2026-02-04,2026-02-04
1530,Revolving,Loans,2026-02-04,2026-02-04
1531,Interest Only,Loans,2026-02-04,2026-02-04
1532,Interest Only,Loans,2026-02-04,2026-02-04
1533,Amortising,Loans,2026-02-04,2026-02-04
1534,Amortising,Loans,2026-02-04,2026-02-04
1535,Revolving,Loans,2026-02-04,2026-02-04
1536,Interest Only,Loans,2026-02-04,2026-02-04
1537,Interest Only,Loans,2026-02-04,2026-02-04
1538,Amortising,Loans,2026-02-04,2026-02-04
1539,Revolving,Loans,2026-02-04,2026-02-04
1540,Amortising,Loans,2026-02-04,2026-02-04
1541,Amortising,Loans,2026-02-04,2026-02-04
1542,Interest Only,Loans,2026-02-04,2026-02-04
1543,Amortising,Loans,2026-02-04,2026-02-04
1544,Revolving,Loans,2026-02-04,2026-02-04
1545,Interest Only,Loans,2026-02-04,2026-02-04
1546,Revolving,Loans,2026-02-04,2026-02-04
1547,Amortising,Loans,2026-02-04,2026-02-04
1548,Amortising,Loans,2026-02-04,2026-02-04
1549,Amortising,Loans,2026-02-04,2026-02-04
1550,Amortising,Loans,2026-02-04,2026-02-04
1551,Revolving,Loans,2026-02-04,2026-02-04
1552,Amortising,Loans,2026-02-04,2026-02-04
1553,Amortising,Loans,2026-02-04,2026-02-04
1554,Revolving,Loans,2026-02-04,2026-02-04
1555,Amortising,Loans,2026-02-04,2026-02-04
1556,Revolving,Loans,2026-02-04,2026-02-04
1557,Interest Only,Loans,2026-02-04,2026-02-04
1558,Revolving,Loans,2026-02-04,2026-02-04
1559,Revolving,Loans,2026-02-04,2026-02-04
1560,Amortising,Loans,2026-02-04,2026-02-04
1561,Interest Only,Loans,2026-02-04,2026-02-04
1562,Amortising,Loans,2026-02-04,2026-02-04
1563,Amortising,Loans,2026-02-04,2026-02-04
1564,Revolving,Loans,2026-02-04,2026-02-04
1565,Interest Only,Loans,2026-02-04,2026-02-04
1566,Amortising,Loans,2026-02-04,2026-02-04
1567,Revolving,Loans,2026-02-04,2026-02-04
1568,Amortising,Loans,2026-02-04,2026-02-04
1569,Amortising,Loans,2026-02-04,2026-02-04
1570,Interest Only,Loans,2026-02-04,2026-02-04
1571,Amortising,Loans,2026-02-04,2026-02-04
1572,Amortising,Loans,2026-02-04,2026-02-04
1573,Amortising,Loans,2026-02-04,2026-02-04
1574,Amortising,Loans,2026-02-04,2026-02-04
1575,Amortising,Loans,2026-02-04,2026-02-04
1576,Interest Only,Loans,2026-02-04,2026-02-04
1577,Interest Only,Loans,2026-02-04,2026-02-04
1578,Interest Only,Loans,2026-02-04,2026-02-04
1579,Revolving,Loans,2026-02-04,2026-02-04
1580,Interest Only,Loans,2026-02-04,2026-02-04
1581,Interest Only,Loans,2026-02-04,2026-02-04
1582,Amortising,Loans,2026-02-04,2026-02-04
1583,Revolving,Loans,2026-02-04,2026-02-04
1584,Revolving,Loans,2026-02-04,2026-02-04
1585,Amortising,Loans,2026-02-04,2026-02-04
1586,Amortising,Loans,2026-02-04,2026-02-04
1587,Revolving,Loans,2026-02-04,2026-02-04
1588,Revolving,Loans,2026-02-04,2026-02-04
1589,Amortising,Loans,2026-02-04,2026-02-04
1590,Interest Only,Loans,2026-02-04,2026-02-04
1591,Revolving,Loans,2026-02-04,2026-02-04
1592,Revolving,Loans,2026-02-04,2026-02-04
1593,Amortising,Loans,2026-02-04,2026-02-04
1594,Amortising,Loans,2026-02-04,2026-02-04
1595,Amortising,Loans,2026-02-04,2026-02-04
1596,Revolving,Loans,2026-02-04,2026-02-04
1597,Revolving,Loans,2026-02-04,2026-02-04
1598,Amortising,Loans,2026-02-04,2026-02-04
1599,Amortising,Loans,2026-02-04,2026-02-04
1600,Interest Only,Loans,2026-02-04,2026-02-04
1601,Interest Only,Loans,2026-02-04,2026-02-04
1602,Interest Only,Loans,2026-02-04,2026-02-04
1603,Amortising,Loans,2026-02-04,2026-02-04
1604,Amortising,Loans,2026-02-04,2026-02-04
1605,Amortising,Loans,2026-02-04,2026-02-04
1606,Amortising,Loans,2026-02-04,2026-02-04
1607,Amortising,Loans,2026-02-04,2026-02-04
1608,Amortising,Loans,2026-02-04,2026-02-04
1609,Interest Only,Loans,2026-02-04,2026-02-04
1610,Amortising,Loans,2026-02-04,2026-02-04
1611,Interest Only,Loans,2026-02-04,2026-02-04
1612,Interest Only,Loans,2026-02-04,2026-02-04
1613,Interest Only,Loans,2026-02-04,2026-02-04
1614,Amortising,Loans,2026-02-04,2026-02-04
1615,Interest Only,Loans,2026-02-04,2026-02-04
1616,Interest Only,Loans,2026-02-04,2026-02-04
1617,Amortising,Loans,2026-02-04,2026-02-04
1618,Amortising,Loans,2026-02-04,2026-02-04
1619,Interest Only,Loans,2026-02-04,2026-02-04
1620,Amortising,Loans,2026-02-04,2026-02-04
1621,Amortising,Loans,2026-02-04,2026-02-04
1622,Interest Only,Loans,2026-02-04,2026-02-04
1623,Amortising,Loans,2026-02-04,2026-02-04
1624,Amortising,Loans,2026-02-04,2026-02-04
1625,Amortising,Loans,2026-02-04,2026-02-04
1626,Amortising,Loans,2026-02-04,2026-02-04
1627,Interest Only,Loans,2026-02-04,2026-02-04
1628,Amortising,Loans,2026-02-04,2026-02-04
1629,Amortising,Loans,2026-02-04,2026-02-04
1630,Amortising,Loans,2026-02-04,2026-02-04
1631,Amortising,Loans,2026-02-04,2026-02-04
1632,Amortising,Loans,2026-02-04,2026-02-04
1633,Amortising,Loans,2026-02-04,2026-02-04
1634,Interest Only,Loans,2026-02-04,2026-02-04
1635,Amortising,Loans,2026-02-04,2026-02-04
1636,Interest Only,Loans,2026-02-04,2026-02-04
1637,Amortising,Loans,2026-02-04,2026-02-04
1638,Amortising,Loans,2026-02-04,2026-02-04
1639,Interest Only,Loans,2026-02-04,2026-02-04
1640,Interest Only,Loans,2026-02-04,2026-02-04
1641,Interest Only,Loans,2026-02-04,2026-02-04
1642,Amortising,Loans,2026-02-04,2026-02-04
1643,Interest Only,Loans,2026-02-04,2026-02-04
1644,Interest Only,Loans,2026-02-04,2026-02-04
1645,Interest Only,Loans,2026-02-04,2026-02-04
1646,Interest Only,Loans,2026-02-04,2026-02-04
1647,Interest Only,Loans,2026-02-04,2026-02-04
1648,Interest Only,Loans,2026-02-04,2026-02-04
1649,Interest Only,Loans,2026-02-04,2026-02-04
1650,Amortising,Loans,2026-02-04,2026-02-04
1651,Interest Only,Loans,2026-02-04,2026-02-04
1652,Amortising,Loans,2026-02-04,2026-02-04
1653,Amortising,Loans,2026-02-04,2026-02-04
1654,Amortising,Loans,2026-02-04,2026-02-04
1655,Amortising,Loans,2026-02-04,2026-02-04
1656,Interest Only,Loans,2026-02-04,2026-02-04
1657,Amortising,Loans,2026-02-04,2026-02-04
1658,Amortising,Loans,2026-02-04,2026-02-04
1659,Amortising,Loans,2026-02-04,2026-02-04
1660,Amortising,Loans,2026-02-04,2026-02-04
1661,Amortising,Loans,2026-02-04,2026-02-04
1662,Amortising,Loans,2026-02-04,2026-02-04
1663,Amortising,Loans,2026-02-04,2026-02-04
1664,Amortising,Loans,2026-02-04,2026-02-04
1665,Amortising,Loans,2026-02-04,2026-02-04
1666,Amortising,Loans,2026-02-04,2026-02-04
1667,Amortising,Loans,2026-02-04,2026-02-04
1668,Amortising,Loans,2026-02-04,2026-02-04
1669,Amortising,Loans,2026-02-04,2026-02-04
1670,Interest Only,Loans,2026-02-04,2026-02-04
1671,Amortising,Loans,2026-02-04,2026-02-04
1672,Amortising,Loans,2026-02-04,2026-02-04
1673,Amortising,Loans,2026-02-04,2026-02-04
1674,Amortising,Loans,2026-02-04,2026-02-04
1675,Interest Only,Loans,2026-02-04,2026-02-04
1676,Amortising,Loans,2026-02-04,2026-02-04
1677,Interest Only,Loans,2026-02-04,2026-02-04
1678,Interest Only,Loans,2026-02-04,2026-02-04
1679,Amortising,Loans,2026-02-04,2026-02-04
1680,Amortising,Loans,2026-02-04,2026-02-04
1681,Amortising,Loans,2026-02-04,2026-02-04
1682,Amortising,Loans,2026-02-04,2026-02-04
1683,Amortising,Loans,2026-02-04,2026-02-04
1684,Amortising,Loans,2026-02-04,2026-02-04
1685,Amortising,Loans,2026-02-04,2026-02-04
1686,Interest Only,Loans,2026-02-04,2026-02-04
1687,Amortising,Loans,2026-02-04,2026-02-04
1688,Amortising,Loans,2026-02-04,2026-02-04
1689,Amortising,Loans,2026-02-04,2026-02-04
1690,Interest Only,Loans,2026-02-04,2026-02-04
1691,Amortising,Loans,2026-02-04,2026-02-04
1692,Amortising,Loans,2026-02-04,2026-02-04
1693,Interest Only,Loans,2026-02-04,2026-02-04
1694,Interest Only,Loans,2026-02-04,2026-02-04
1695,Amortising,Loans,2026-02-04,2026-02-04
1696,Amortising,Loans,2026-02-04,2026-02-04
1697,Amortising,Loans,2026-02-04,2026-02-04
1698,Amortising,Loans,2026-02-04,2026-02-04
1699,Amortising,Loans,2026-02-04,2026-02-04
1700,Amortising,Loans,2026-02-04,2026-02-04
1701,Amortising,Loans,2026-02-04,2026-02-04
1702,Amortising,Loans,2026-02-04,2026-02-04
1703,Amortising,Loans,2026-02-04,2026-02-04
1704,Interest Only,Loans,2026-02-04,2026-02-04
1705,Amortising,Loans,2026-02-04,2026-02-04
1706,Amortising,Loans,2026-02-04,2026-02-04
1707,Amortising,Loans,2026-02-04,2026-02-04
1708,Amortising,Loans,2026-02-04,2026-02-04
1709,Amortising,Loans,2026-02-04,2026-02-04
1710,Interest Only,Loans,2026-02-04,2026-02-04
1711,Amortising,Loans,2026-02-04,2026-02-04
1712,Interest Only,Loans,2026-02-04,2026-02-04
1713,Amortising,Loans,2026-02-04,2026-02-04
1714,Interest Only,Loans,2026-02-04,2026-02-04
1715,Amortising,Loans,2026-02-04,2026-02-04
1716,Amortising,Loans,2026-02-04,2026-02-04
1717,Amortising,Loans,2026-02-04,2026-02-04
1718,Interest Only,Loans,2026-02-04,2026-02-04
1719,Amortising,Loans,2026-02-04,2026-02-04
1720,Interest Only,Loans,2026-02-04,2026-02-04
1721,Interest Only,Loans,2026-02-04,2026-02-04
1722,Amortising,Loans,2026-02-04,2026-02-04
1723,Interest Only,Loans,2026-02-04,2026-02-04
1724,Interest Only,Loans,2026-02-04,2026-02-04
1725,Amortising,Loans,2026-02-04,2026-02-04
1726,Interest Only,Loans,2026-02-04,2026-02-04
1727,Amortising,Loans,2026-02-04,2026-02-04
1728,Amortising,Loans,2026-02-04,2026-02-04
1729,Interest Only,Loans,2026-02-04,2026-02-04
1730,Amortising,Loans,2026-02-04,2026-02-04
1731,Amortising,Loans,2026-02-04,2026-02-04
1732,Amortising,Loans,2026-02-04,2026-02-04
1733,Amortising,Loans,2026-02-04,2026-02-04
1734,Interest Only,Loans,2026-02-04,2026-02-04
1735,Amortising,Loans,2026-02-04,2026-02-04
1736,Amortising,Loans,2026-02-04,2026-02-04
1737,Interest Only,Loans,2026-02-04,2026-02-04
1738,Interest Only,Loans,2026-02-04,2026-02-04
1739,Interest Only,Loans,2026-02-04,2026-02-04
1740,Amortising,Loans,2026-02-04,2026-02-04
1741,Amortising,Loans,2026-02-04,2026-02-04
1742,Interest Only,Loans,2026-02-04,2026-02-04
1743,Interest Only,Loans,2026-02-04,2026-02-04
1744,Amortising,Loans,2026-02-04,2026-02-04
1745,Amortising,Loans,2026-02-04,2026-02-04
1746,Interest Only,Loans,2026-02-04,2026-02-04
1747,Interest Only,Loans,2026-02-04,2026-02-04
1748,Amortising,Loans,2026-02-04,2026-02-04
1749,Interest Only,Loans,2026-02-04,2026-02-04
1750,Amortising,Loans,2026-02-04,2026-02-04
1751,Amortising,Loans,2026-02-04,2026-02-04
1752,Revolving,Loans,2026-02-04,2026-02-04
1753,Revolving,Loans,2026-02-04,2026-02-04
1754,Revolving,Loans,2026-02-04,2026-02-04
1755,Revolving,Loans,2026-02-04,2026-02-04
1756,Revolving,Loans,2026-02-04,2026-02-04
1757,Revolving,Loans,2026-02-04,2026-02-04
1758,Revolving,Loans,2026-02-04,2026-02-04
1759,Revolving,Loans,2026-02-04,2026-02-04
1760,Revolving,Loans,2026-02-04,2026-02-04
1761,Revolving,Loans,2026-02-04,2026-02-04
1762,Revolving,Loans,2026-02-04,2026-02-04
1763,Revolving,Loans,2026-02-04,2026-02-04
1764,Amortising,Loans,2026-02-04,2026-02-04
1765,Revolving,Loans,2026-02-04,2026-02-04
1766,Amortising,Loans,2026-02-04,2026-02-04
1767,Revolving,Loans,2026-02-04,2026-02-04
1768,Amortising,Loans,2026-02-04,2026-02-04
1769,Revolving,Loans,2026-02-04,2026-02-04
1770,Revolving,Loans,2026-02-04,2026-02-04
1771,Revolving,Loans,2026-02-04,2026-02-04
1772,Revolving,Loans,2026-02-04,2026-02-04
1773,Revolving,Loans,2026-02-04,2026-02-04
1774,Amortising,Loans,2026-02-04,2026-02-04
1775,Revolving,Loans,2026-02-04,2026-02-04
1776,Revolving,Loans,2026-02-04,2026-02-04
1777,Revolving,Loans,2026-02-04,2026-02-04
1778,Revolving,Loans,2026-02-04,2026-02-04
1779,Revolving,Loans,2026-02-04,2026-02-04
1780,Revolving,Loans,2026-02-04,2026-02-04
1781,Revolving,Loans,2026-02-04,2026-02-04
1782,Revolving,Loans,2026-02-04,2026-02-04
1783,Revolving,Loans,2026-02-04,2026-02-04
1784,Revolving,Loans,2026-02-04,2026-02-04
1785,Revolving,Loans,2026-02-04,2026-02-04
1786,Amortising,Loans,2026-02-04,2026-02-04
1787,Revolving,Loans,2026-02-04,2026-02-04
1788,Revolving,Loans,2026-02-04,2026-02-04
1789,Amortising,Loans,2026-02-04,2026-02-04
1790,Amortising,Loans,2026-02-04,2026-02-04
1791,Revolving,Loans,2026-02-04,2026-02-04
1792,Revolving,Loans,2026-02-04,2026-02-04
1793,Amortising,Loans,2026-02-04,2026-02-04
1794,Revolving,Loans,2026-02-04,2026-02-04
1795,Revolving,Loans,2026-02-04,2026-02-04
1796,Revolving,Loans,2026-02-04,2026-02-04
1797,Revolving,Loans,2026-02-04,2026-02-04
1798,Revolving,Loans,2026-02-04,2026-02-04
1799,Revolving,Loans,2026-02-04,2026-02-04
1800,Revolving,Loans,2026-02-04,2026-02-04
1801,Revolving,Loans,2026-02-04,2026-02-04
1802,Revolving,Loans,2026-02-04,2026-02-04
1803,Revolving,Loans,2026-02-04,2026-02-04
1804,Revolving,Loans,2026-02-04,2026-02-04
1805,Amortising,Loans,2026-02-04,2026-02-04
1806,Revolving,Loans,2026-02-04,2026-02-04
1807,Revolving,Loans,2026-02-04,2026-02-04
1808,Revolving,Loans,2026-02-04,2026-02-04
1809,Revolving,Loans,2026-02-04,2026-02-04
1810,Revolving,Loans,2026-02-04,2026-02-04
1811,Amortising,Loans,2026-02-04,2026-02-04
1812,Amortising,Loans,2026-02-04,2026-02-04
1813,Amortising,Loans,2026-02-04,2026-02-04
1814,Revolving,Loans,2026-02-04,2026-02-04
1815,Revolving,Loans,2026-02-04,2026-02-04
1816,Revolving,Loans,2026-02-04,2026-02-04
1817,Revolving,Loans,2026-02-04,2026-02-04
1818,Revolving,Loans,2026-02-04,2026-02-04
1819,Revolving,Loans,2026-02-04,2026-02-04
1820,Revolving,Loans,2026-02-04,2026-02-04
1821,Revolving,Loans,2026-02-04,2026-02-04
1822,Revolving,Loans,2026-02-04,2026-02-04
1823,Amortising,Loans,2026-02-04,2026-02-04
1824,Revolving,Loans,2026-02-04,2026-02-04
1825,Revolving,Loans,2026-02-04,2026-02-04
1826,Revolving,Loans,2026-02-04,2026-02-04
1827,Revolving,Loans,2026-02-04,2026-02-04
1828,Amortising,Loans,2026-02-04,2026-02-04
1829,Revolving,Loans,2026-02-04,2026-02-04
1830,Revolving,Loans,2026-02-04,2026-02-04
1831,Revolving,Loans,2026-02-04,2026-02-04
1832,Revolving,Loans,2026-02-04,2026-02-04
1833,Revolving,Loans,2026-02-04,2026-02-04
1834,Amortising,Loans,2026-02-04,2026-02-04
1835,Revolving,Loans,2026-02-04,2026-02-04
1836,Revolving,Loans,2026-02-04,2026-02-04
1837,Revolving,Loans,2026-02-04,2026-02-04
1838,Revolving,Loans,2026-02-04,2026-02-04
1839,Revolving,Loans,2026-02-04,2026-02-04
1840,Revolving,Loans,2026-02-04,2026-02-04
1841,Revolving,Loans,2026-02-04,2026-02-04
1842,Revolving,Loans,2026-02-04,2026-02-04
1843,Revolving,Loans,2026-02-04,2026-02-04
1844,Revolving,Loans,2026-02-04,2026-02-04
1845,Revolving,Loans,2026-02-04,2026-02-04
1846,Revolving,Loans,2026-02-04,2026-02-04
1847,Revolving,Loans,2026-02-04,2026-02-04
1848,Revolving,Loans,2026-02-04,2026-02-04
1849,Amortising,Loans,2026-02-04,2026-02-04
1850,Revolving,Loans,2026-02-04,2026-02-04
1851,Revolving,Loans,2026-02-04,2026-02-04
1852,Revolving,Loans,2026-02-04,2026-02-04
1853,Amortising,Loans,2026-02-04,2026-02-04
1854,Revolving,Loans,2026-02-04,2026-02-04
1855,Revolving,Loans,2026-02-04,2026-02-04
1856,Revolving,Loans,2026-02-04,2026-02-04
1857,Revolving,Loans,2026-02-04,2026-02-04
1858,Amortising,Loans,2026-02-04,2026-02-04
1859,Revolving,Loans,2026-02-04,2026-02-04
1860,Amortising,Loans,2026-02-04,2026-02-04
1861,Amortising,Loans,2026-02-04,2026-02-04
1862,Amortising,Loans,2026-02-04,2026-02-04
1863,Revolving,Loans,2026-02-04,2026-02-04
1864,Amortising,Loans,2026-02-04,2026-02-04
1865,Revolving,Loans,2026-02-04,2026-02-04
1866,Revolving,Loans,2026-02-04,2026-02-04
1867,Revolving,Loans,2026-02-04,2026-02-04
1868,Revolving,Loans,2026-02-04,2026-02-04
1869,Amortising,Loans,2026-02-04,2026-02-04
1870,Revolving,Loans,2026-02-04,2026-02-04
1871,Revolving,Loans,2026-02-04,2026-02-04
1872,Amortising,Loans,2026-02-04,2026-02-04
1873,Amortising,Loans,2026-02-04,2026-02-04
1874,Revolving,Loans,2026-02-04,2026-02-04
1875,Amortising,Loans,2026-02-04,2026-02-04
1876,Revolving,Loans,2026-02-04,2026-02-04
1877,Revolving,Loans,2026-02-04,2026-02-04
1878,Revolving,Loans,2026-02-04,2026-02-04
1879,Revolving,Loans,2026-02-04,2026-02-04
1880,Revolving,Loans,2026-02-04,2026-02-04
1881,Revolving,Loans,2026-02-04,2026-02-04
1882,Revolving,Loans,2026-02-04,2026-02-04
1883,Revolving,Loans,2026-02-04,2026-02-04
1884,Amortising,Loans,2026-02-04,2026-02-04
1885,Revolving,Loans,2026-02-04,2026-02-04
1886,Revolving,Loans,2026-02-04,2026-02-04
1887,Revolving,Loans,2026-02-04,2026-02-04
1888,Revolving,Loans,2026-02-04,2026-02-04
1889,Revolving,Loans,2026-02-04,2026-02-04
1890,Amortising,Loans,2026-02-04,2026-02-04
1891,Revolving,Loans,2026-02-04,2026-02-04
1892,Revolving,Loans,2026-02-04,2026-02-04
1893,Revolving,Loans,2026-02-04,2026-02-04
1894,Revolving,Loans,2026-02-04,2026-02-04
1895,Revolving,Loans,2026-02-04,2026-02-04
1896,Revolving,Loans,2026-02-04,2026-02-04
1897,Revolving,Loans,2026-02-04,2026-02-04
1898,Revolving,Loans,2026-02-04,2026-02-04
1899,Revolving,Loans,2026-02-04,2026-02-04
1900,Amortising,Loans,2026-02-04,2026-02-04
1901,Interest Only,Loans,2026-02-04,2026-02-04
1902,Interest Only,Loans,2026-02-04,2026-02-04
1903,Amortising,Loans,2026-02-04,2026-02-04
1904,Interest Only,Loans,2026-02-04,2026-02-04
1905,Interest Only,Loans,2026-02-04,2026-02-04
1906,Amortising,Loans,2026-02-04,2026-02-04
1907,Interest Only,Loans,2026-02-04,2026-02-04
1908,Amortising,Loans,2026-02-04,2026-02-04
1909,Amortising,Loans,2026-02-04,2026-02-04
1910,Interest Only,Loans,2026-02-04,2026-02-04
1911,Amortising,Loans,2026-02-04,2026-02-04
1912,Amortising,Loans,2026-02-04,2026-02-04
1913,Interest Only,Loans,2026-02-04,2026-02-04
1914,Amortising,Loans,2026-02-04,2026-02-04
1915,Interest Only,Loans,2026-02-04,2026-02-04
1916,Amortising,Loans,2026-02-04,2026-02-04
1917,Interest Only,Loans,2026-02-04,2026-02-04
1918,Amortising,Loans,2026-02-04,2026-02-04
1919,Interest Only,Loans,2026-02-04,2026-02-04
1920,Interest Only,Loans,2026-02-04,2026-02-04
1921,Amortising,Loans,2026-02-04,2026-02-04
1922,Amortising,Loans,2026-02-04,2026-02-04
1923,Interest Only,Loans,2026-02-04,2026-02-04
1924,Amortising,Loans,2026-02-04,2026-02-04
1925,Amortising,Loans,2026-02-04,2026-02-04
1926,Amortising,Loans,2026-02-04,2026-02-04
1927,Amortising,Loans,2026-02-04,2026-02-04
1928,Interest Only,Loans,2026-02-04,2026-02-04
1929,Amortising,Loans,2026-02-04,2026-02-04
1930,Amortising,Loans,2026-02-04,2026-02-04
1931,Amortising,Loans,2026-02-04,2026-02-04
1932,Interest Only,Loans,2026-02-04,2026-02-04
1933,Interest Only,Loans,2026-02-04,2026-02-04
1934,Interest Only,Loans,2026-02-04,2026-02-04
1935,Amortising,Loans,2026-02-04,2026-02-04
1936,Interest Only,Loans,2026-02-04,2026-02-04
1937,Interest Only,Loans,2026-02-04,2026-02-04
1938,Interest Only,Loans,2026-02-04,2026-02-04
1939,Amortising,Loans,2026-02-04,2026-02-04
1940,Interest Only,Loans,2026-02-04,2026-02-04
1941,Amortising,Loans,2026-02-04,2026-02-04
1942,Interest Only,Loans,2026-02-04,2026-02-04
1943,Amortising,Loans,2026-02-04,2026-02-04
1944,Amortising,Loans,2026-02-04,2026-02-04
1945,Amortising,Loans,2026-02-04,2026-02-04
1946,Interest Only,Loans,2026-02-04,2026-02-04
1947,Amortising,Loans,2026-02-04,2026-02-04
1948,Interest Only,Loans,2026-02-04,2026-02-04
1949,Interest Only,Loans,2026-02-04,2026-02-04
1950,Amortising,Loans,2026-02-04,2026-02-04
1951,Interest Only,Loans,2026-02-04,2026-02-04
1952,Amortising,Loans,2026-02-04,2026-02-04
1953,Interest Only,Loans,2026-02-04,2026-02-04
1954,Amortising,Loans,2026-02-04,2026-02-04
1955,Amortising,Loans,2026-02-04,2026-02-04
1956,Amortising,Loans,2026-02-04,2026-02-04
1957,Amortising,Loans,2026-02-04,2026-02-04
1958,Amortising,Loans,2026-02-04,2026-02-04
1959,Interest Only,Loans,2026-02-04,2026-02-04
1960,Amortising,Loans,2026-02-04,2026-02-04
1961,Interest Only,Loans,2026-02-04,2026-02-04
1962,Interest Only,Loans,2026-02-04,2026-02-04
1963,Amortising,Loans,2026-02-04,2026-02-04
1964,Interest Only,Loans,2026-02-04,2026-02-04
1965,Amortising,Loans,2026-02-04,2026-02-04
1966,Interest Only,Loans,2026-02-04,2026-02-04
1967,Interest Only,Loans,2026-02-04,2026-02-04
1968,Amortising,Loans,2026-02-04,2026-02-04
1969,Interest Only,Loans,2026-02-04,2026-02-04
1970,Amortising,Loans,2026-02-04,2026-02-04
1971,Interest Only,Loans,2026-02-04,2026-02-04
1972,Amortising,Loans,2026-02-04,2026-02-04
1973,Interest Only,Loans,2026-02-04,2026-02-04
1974,Interest Only,Loans,2026-02-04,2026-02-04
1975,Amortising,Loans,2026-02-04,2026-02-04
1976,Amortising,Loans,2026-02-04,2026-02-04
1977,Interest Only,Loans,2026-02-04,2026-02-04
1978,Interest Only,Loans,2026-02-04,2026-02-04
1979,Amortising,Loans,2026-02-04,2026-02-04
1980,Amortising,Loans,2026-02-04,2026-02-04
1981,Interest Only,Loans,2026-02-04,2026-02-04
1982,Amortising,Loans,2026-02-04,2026-02-04
1983,Interest Only,Loans,2026-02-04,2026-02-04
1984,Amortising,Loans,2026-02-04,2026-02-04
1985,Interest Only,Loans,2026-02-04,2026-02-04
1986,Amortising,Loans,2026-02-04,2026-02-04
1987,Interest Only,Loans,2026-02-04,2026-02-04
1988,Interest Only,Loans,2026-02-04,2026-02-04
1989,Amortising,Loans,2026-02-04,2026-02-04
1990,Amortising,Loans,2026-02-04,2026-02-04
1991,Interest Only,Loans,2026-02-04,2026-02-04
1992,Interest Only,Loans,2026-02-04,2026-02-04
1993,Interest Only,Loans,2026-02-04,2026-02-04
1994,Interest Only,Loans,2026-02-04,2026-02-04
1995,Interest Only,Loans,2026-02-04,2026-02-04
1996,Interest Only,Loans,2026-02-04,2026-02-04
1997,Interest Only,Loans,2026-02-04,2026-02-04
1998,Interest Only,Loans,2026-02-04,2026-02-04
1999,Interest Only,Loans,2026-02-04,2026-02-04
2000,Amortising,Loans,2026-02-04,2026-02-04
2001,Amortising,Loans,2026-02-04,2026-02-04
2002,Interest Only,Loans,2026-02-04,2026-02-04
2003,Amortising,Loans,2026-02-04,2026-02-04
2004,Amortising,Loans,2026-02-04,2026-02-04
2005,Amortising,Loans,2026-02-04,2026-02-04
2006,Amortising,Loans,2026-02-04,2026-02-04
2007,Amortising,Loans,2026-02-04,2026-02-04
2008,Interest Only,Loans,2026-02-04,2026-02-04
2009,Interest Only,Loans,2026-02-04,2026-02-04
2010,Interest Only,Loans,2026-02-04,2026-02-04
2011,Interest Only,Loans,2026-02-04,2026-02-04
2012,Amortising,Loans,2026-02-04,2026-02-04
2013,Amortising,Loans,2026-02-04,2026-02-04
2014,Interest Only,Loans,2026-02-04,2026-02-04
2015,Interest Only,Loans,2026-02-04,2026-02-04
2016,Amortising,Loans,2026-02-04,2026-02-04
2017,Interest Only,Loans,2026-02-04,2026-02-04
2018,Interest Only,Loans,2026-02-04,2026-02-04
2019,Interest Only,Loans,2026-02-04,2026-02-04
2020,Interest Only,Loans,2026-02-04,2026-02-04
2021,Interest Only,Loans,2026-02-04,2026-02-04
2022,Amortising,Loans,2026-02-04,2026-02-04
2023,Amortising,Loans,2026-02-04,2026-02-04
2024,Interest Only,Loans,2026-02-04,2026-02-04
2025,Interest Only,Loans,2026-02-04,2026-02-04
2026,Interest Only,Loans,2026-02-04,2026-02-04
2027,Interest Only,Loans,2026-02-04,2026-02-04
2028,Interest Only,Loans,2026-02-04,2026-02-04
2029,Amortising,Loans,2026-02-04,2026-02-04
2030,Interest Only,Loans,2026-02-04,2026-02-04
2031,Amortising,Loans,2026-02-04,2026-02-04
2032,Amortising,Loans,2026-02-04,2026-02-04
2033,Interest Only,Loans,2026-02-04,2026-02-04
2034,Amortising,Loans,2026-02-04,2026-02-04
2035,Interest Only,Loans,2026-02-04,2026-02-04
2036,Amortising,Loans,2026-02-04,2026-02-04
2037,Interest Only,Loans,2026-02-04,2026-02-04
2038,Interest Only,Loans,2026-02-04,2026-02-04
2039,Interest Only,Loans,2026-02-04,2026-02-04
2040,Amortising,Loans,2026-02-04,2026-02-04
2041,Interest Only,Loans,2026-02-04,2026-02-04
2042,Amortising,Loans,2026-02-04,2026-02-04
2043,Amortising,Loans,2026-02-04,2026-02-04
2044,Interest Only,Loans,2026-02-04,2026-02-04
2045,Amortising,Loans,2026-02-04,2026-02-04
2046,Amortising,Loans,2026-02-04,2026-02-04
2047,Interest Only,Loans,2026-02-04,2026-02-04
2048,Amortising,Loans,2026-02-04,2026-02-04
2049,Interest Only,Loans,2026-02-04,2026-02-04
2050,Amortising,Loans,2026-02-04,2026-02-04
2051,Amortising,Loans,2026-02-04,2026-02-04
2052,Amortising,Loans,2026-02-04,2026-02-04
2053,Amortising,Loans,2026-02-04,2026-02-04
2054,Amortising,Loans,2026-02-04,2026-02-04
2055,Amortising,Loans,2026-02-04,2026-02-04
2056,Amortising,Loans,2026-02-04,2026-02-04
2057,Amortising,Loans,2026-02-04,2026-02-04
2058,Amortising,Loans,2026-02-04,2026-02-04
2059,Amortising,Loans,2026-02-04,2026-02-04
2060,Amortising,Loans,2026-02-04,2026-02-04
2061,Amortising,Loans,2026-02-04,2026-02-04
2062,Interest Only,Loans,2026-02-04,2026-02-04
2063,Interest Only,Loans,2026-02-04,2026-02-04
2064,Amortising,Loans,2026-02-04,2026-02-04
2065,Amortising,Loans,2026-02-04,2026-02-04
2066,Amortising,Loans,2026-02-04,2026-02-04
2067,Amortising,Loans,2026-02-04,2026-02-04
2068,Amortising,Loans,2026-02-04,2026-02-04
2069,Amortising,Loans,2026-02-04,2026-02-04
2070,Interest Only,Loans,2026-02-04,2026-02-04
2071,Amortising,Loans,2026-02-04,2026-02-04
2072,Amortising,Loans,2026-02-04,2026-02-04
2073,Amortising,Loans,2026-02-04,2026-02-04
2074,Amortising,Loans,2026-02-04,2026-02-04
2075,Amortising,Loans,2026-02-04,2026-02-04
2076,Interest Only,Loans,2026-02-04,2026-02-04
2077,Amortising,Loans,2026-02-04,2026-02-04
2078,Amortising,Loans,2026-02-04,2026-02-04
2079,Interest Only,Loans,2026-02-04,2026-02-04
2080,Amortising,Loans,2026-02-04,2026-02-04
2081,Amortising,Loans,2026-02-04,2026-02-04
2082,Amortising,Loans,2026-02-04,2026-02-04
2083,Amortising,Loans,2026-02-04,2026-02-04
2084,Amortising,Loans,2026-02-04,2026-02-04
2085,Amortising,Loans,2026-02-04,2026-02-04
2086,Amortising,Loans,2026-02-04,2026-02-04
2087,Amortising,Loans,2026-02-04,2026-02-04
2088,Amortising,Loans,2026-02-04,2026-02-04
2089,Amortising,Loans,2026-02-04,2026-02-04
2090,Interest Only,Loans,2026-02-04,2026-02-04
2091,Amortising,Loans,2026-02-04,2026-02-04
2092,Amortising,Loans,2026-02-04,2026-02-04
2093,Amortising,Loans,2026-02-04,2026-02-04
2094,Amortising,Loans,2026-02-04,2026-02-04
2095,Amortising,Loans,2026-02-04,2026-02-04
2096,Amortising,Loans,2026-02-04,2026-02-04
2097,Amortising,Loans,2026-02-04,2026-02-04
2098,Amortising,Loans,2026-02-04,2026-02-04
2099,Amortising,Loans,2026-02-04,2026-02-04
2100,Amortising,Loans,2026-02-04,2026-02-04
2101,Amortising,Loans,2026-02-04,2026-02-04
2102,Amortising,Loans,2026-02-04,2026-02-04
2103,Amortising,Loans,2026-02-04,2026-02-04
2104,Amortising,Loans,2026-02-04,2026-02-04
2105,Interest Only,Loans,2026-02-04,2026-02-04
2106,Interest Only,Loans,2026-02-04,2026-02-04
2107,Interest Only,Loans,2026-02-04,2026-02-04
2108,Amortising,Loans,2026-02-04,2026-02-04
2109,Amortising,Loans,2026-02-04,2026-02-04
2110,Interest Only,Loans,2026-02-04,2026-02-04
2111,Amortising,Loans,2026-02-04,2026-02-04
2112,Amortising,Loans,2026-02-04,2026-02-04
2113,Amortising,Loans,2026-02-04,2026-02-04
2114,Amortising,Loans,2026-02-04,2026-02-04
2115,Amortising,Loans,2026-02-04,2026-02-04
2116,Interest Only,Loans,2026-02-04,2026-02-04
2117,Amortising,Loans,2026-02-04,2026-02-04
2118,Interest Only,Loans,2026-02-04,2026-02-04
2119,Amortising,Loans,2026-02-04,2026-02-04
2120,Amortising,Loans,2026-02-04,2026-02-04
2121,Amortising,Loans,2026-02-04,2026-02-04
2122,Amortising,Loans,2026-02-04,2026-02-04
2123,Amortising,Loans,2026-02-04,2026-02-04
2124,Amortising,Loans,2026-02-04,2026-02-04
2125,Amortising,Loans,2026-02-04,2026-02-04
2126,Interest Only,Loans,2026-02-04,2026-02-04
2127,Amortising,Loans,2026-02-04,2026-02-04
2128,Amortising,Loans,2026-02-04,2026-02-04
2129,Interest Only,Loans,2026-02-04,2026-02-04
2130,Amortising,Loans,2026-02-04,2026-02-04
2131,Interest Only,Loans,2026-02-04,2026-02-04
2132,Interest Only,Loans,2026-02-04,2026-02-04
2133,Interest Only,Loans,2026-02-04,2026-02-04
2134,Interest Only,Loans,2026-02-04,2026-02-04
2135,Amortising,Loans,2026-02-04,2026-02-04
2136,Interest Only,Loans,2026-02-04,2026-02-04
2137,Amortising,Loans,2026-02-04,2026-02-04
2138,Amortising,Loans,2026-02-04,2026-02-04
2139,Interest Only,Loans,2026-02-04,2026-02-04
2140,Amortising,Loans,2026-02-04,2026-02-04
2141,Amortising,Loans,2026-02-04,2026-02-04
2142,Amortising,Loans,2026-02-04,2026-02-04
2143,Amortising,Loans,2026-02-04,2026-02-04
2144,Amortising,Loans,2026-02-04,2026-02-04
2145,Amortising,Loans,2026-02-04,2026-02-04
2146,Amortising,Loans,2026-02-04,2026-02-04
2147,Amortising,Loans,2026-02-04,2026-02-04
2148,Interest Only,Loans,2026-02-04,2026-02-04
2149,Amortising,Loans,2026-02-04,2026-02-04
2150,Amortising,Loans,2026-02-04,2026-02-04
2151,Interest Only,Loans,2026-02-04,2026-02-04
2152,Interest Only,Loans,2026-02-04,2026-02-04
2153,Amortising,Loans,2026-02-04,2026-02-04
2154,Amortising,Loans,2026-02-04,2026-02-04
2155,Amortising,Loans,2026-02-04,2026-02-04
2156,Amortising,Loans,2026-02-04,2026-02-04
2157,Amortising,Loans,2026-02-04,2026-02-04
2158,Amortising,Loans,2026-02-04,2026-02-04
2159,Amortising,Loans,2026-02-04,2026-02-04
2160,Amortising,Loans,2026-02-04,2026-02-04
2161,Interest Only,Loans,2026-02-04,2026-02-04
2162,Amortising,Loans,2026-02-04,2026-02-04
2163,Amortising,Loans,2026-02-04,2026-02-04
2164,Amortising,Loans,2026-02-04,2026-02-04
2165,Interest Only,Loans,2026-02-04,2026-02-04
2166,Amortising,Loans,2026-02-04,2026-02-04
2167,Interest Only,Loans,2026-02-04,2026-02-04
2168,Amortising,Loans,2026-02-04,2026-02-04
2169,Amortising,Loans,2026-02-04,2026-02-04
2170,Amortising,Loans,2026-02-04,2026-02-04
2171,Interest Only,Loans,2026-02-04,2026-02-04
2172,Interest Only,Loans,2026-02-04,2026-02-04
2173,Amortising,Loans,2026-02-04,2026-02-04
2174,Amortising,Loans,2026-02-04,2026-02-04
2175,Amortising,Loans,2026-02-04,2026-02-04
2176,Amortising,Loans,2026-02-04,2026-02-04
2177,Amortising,Loans,2026-02-04,2026-02-04
2178,Amortising,Loans,2026-02-04,2026-02-04
2179,Amortising,Loans,2026-02-04,2026-02-04
2180,Interest Only,Loans,2026-02-04,2026-02-04
2181,Interest Only,Loans,2026-02-04,2026-02-04
2182,Amortising,Loans,2026-02-04,2026-02-04
2183,Amortising,Loans,2026-02-04,2026-02-04
2184,Amortising,Loans,2026-02-04,2026-02-04
2185,Amortising,Loans,2026-02-04,2026-02-04
2186,Amortising,Loans,2026-02-04,2026-02-04
2187,Amortising,Loans,2026-02-04,2026-02-04
2188,Amortising,Loans,2026-02-04,2026-02-04
2189,Amortising,Loans,2026-02-04,2026-02-04
2190,Interest Only,Loans,2026-02-04,2026-02-04
2191,Amortising,Loans,2026-02-04,2026-02-04
2192,Amortising,Loans,2026-02-04,2026-02-04
2193,Interest Only,Loans,2026-02-04,2026-02-04
2194,Amortising,Loans,2026-02-04,2026-02-04
2195,Amortising,Loans,2026-02-04,2026-02-04
2196,Amortising,Loans,2026-02-04,2026-02-04
2197,Interest Only,Loans,2026-02-04,2026-02-04
2198,Amortising,Loans,2026-02-04,2026-02-04
2199,Amortising,Loans,2026-02-04,2026-02-04
2200,Interest Only,Loans,2026-02-04,2026-02-04
2201,Amortising,Loans,2026-02-04,2026-02-04
2202,Interest Only,Loans,2026-02-04,2026-02-04
2203,Amortising,Loans,2026-02-04,2026-02-04
2204,Interest Only,Loans,2026-02-04,2026-02-04
2205,Amortising,Loans,2026-02-04,2026-02-04
2206,Amortising,Loans,2026-02-04,2026-02-04
2207,Amortising,Loans,2026-02-04,2026-02-04
2208,Amortising,Loans,2026-02-04,2026-02-04
2209,Amortising,Loans,2026-02-04,2026-02-04
2210,Interest Only,Loans,2026-02-04,2026-02-04
2211,Amortising,Loans,2026-02-04,2026-02-04
2212,Amortising,Loans,2026-02-04,2026-02-04
2213,Amortising,Loans,2026-02-04,2026-02-04
2214,Amortising,Loans,2026-02-04,2026-02-04
2215,Amortising,Loans,2026-02-04,2026-02-04
2216,Amortising,Loans,2026-02-04,2026-02-04
2217,Amortising,Loans,2026-02-04,2026-02-04
2218,Amortising,Loans,2026-02-04,2026-02-04
2219,Interest Only,Loans,2026-02-04,2026-02-04
2220,Amortising,Loans,2026-02-04,2026-02-04
2221,Interest Only,Loans,2026-02-04,2026-02-04
2222,Amortising,Loans,2026-02-04,2026-02-04
2223,Amortising,Loans,2026-02-04,2026-02-04
2224,Amortising,Loans,2026-02-04,2026-02-04
2225,Amortising,Loans,2026-02-04,2026-02-04
2226,Interest Only,Loans,2026-02-04,2026-02-04
2227,Amortising,Loans,2026-02-04,2026-02-04
2228,Amortising,Loans,2026-02-04,2026-02-04
2229,Interest Only,Loans,2026-02-04,2026-02-04
2230,Interest Only,Loans,2026-02-04,2026-02-04
2231,Amortising,Loans,2026-02-04,2026-02-04
2232,Amortising,Loans,2026-02-04,2026-02-04
2233,Amortising,Loans,2026-02-04,2026-02-04
2234,Amortising,Loans,2026-02-04,2026-02-04
2235,Interest Only,Loans,2026-02-04,2026-02-04
2236,Interest Only,Loans,2026-02-04,2026-02-04
2237,Amortising,Loans,2026-02-04,2026-02-04
2238,Amortising,Loans,2026-02-04,2026-02-04
2239,Interest Only,Loans,2026-02-04,2026-02-04
2240,Amortising,Loans,2026-02-04,2026-02-04
2241,Amortising,Loans,2026-02-04,2026-02-04
2242,Amortising,Loans,2026-02-04,2026-02-04
2243,Amortising,Loans,2026-02-04,2026-02-04
2244,Interest Only,Loans,2026-02-04,2026-02-04
2245,Interest Only,Loans,2026-02-04,2026-02-04
2246,Interest Only,Loans,2026-02-04,2026-02-04
2247,Amortising,Loans,2026-02-04,2026-02-04
2248,Amortising,Loans,2026-02-04,2026-02-04
2249,Amortising,Loans,2026-02-04,2026-02-04
2250,Interest Only,Loans,2026-02-04,2026-02-04
2251,Revolving,Loans,2026-02-04,2026-02-04
2252,Revolving,Loans,2026-02-04,2026-02-04
2253,Revolving,Loans,2026-02-04,2026-02-04
2254,Revolving,Loans,2026-02-04,2026-02-04
2255,Revolving,Loans,2026-02-04,2026-02-04
2256,Revolving,Loans,2026-02-04,2026-02-04
2257,Revolving,Loans,2026-02-04,2026-02-04
2258,Revolving,Loans,2026-02-04,2026-02-04
2259,Interest Only,Loans,2026-02-04,2026-02-04
2260,Interest Only,Loans,2026-02-04,2026-02-04
2261,Revolving,Loans,2026-02-04,2026-02-04
2262,Revolving,Loans,2026-02-04,2026-02-04
2263,Interest Only,Loans,2026-02-04,2026-02-04
2264,Revolving,Loans,2026-02-04,2026-02-04
2265,Revolving,Loans,2026-02-04,2026-02-04
2266,Revolving,Loans,2026-02-04,2026-02-04
2267,Revolving,Loans,2026-02-04,2026-02-04
2268,Revolving,Loans,2026-02-04,2026-02-04
2269,Interest Only,Loans,2026-02-04,2026-02-04
2270,Revolving,Loans,2026-02-04,2026-02-04
2271,Interest Only,Loans,2026-02-04,2026-02-04
2272,Revolving,Loans,2026-02-04,2026-02-04
2273,Interest Only,Loans,2026-02-04,2026-02-04
2274,Revolving,Loans,2026-02-04,2026-02-04
2275,Interest Only,Loans,2026-02-04,2026-02-04
2276,Interest Only,Loans,2026-02-04,2026-02-04
2277,Revolving,Loans,2026-02-04,2026-02-04
2278,Interest Only,Loans,2026-02-04,2026-02-04
2279,Interest Only,Loans,2026-02-04,2026-02-04
2280,Revolving,Loans,2026-02-04,2026-02-04
2281,Revolving,Loans,2026-02-04,2026-02-04
2282,Interest Only,Loans,2026-02-04,2026-02-04
2283,Revolving,Loans,2026-02-04,2026-02-04
2284,Revolving,Loans,2026-02-04,2026-02-04
2285,Interest Only,Loans,2026-02-04,2026-02-04
2286,Interest Only,Loans,2026-02-04,2026-02-04
2287,Interest Only,Loans,2026-02-04,2026-02-04
2288,Revolving,Loans,2026-02-04,2026-02-04
2289,Revolving,Loans,2026-02-04,2026-02-04
2290,Interest Only,Loans,2026-02-04,2026-02-04
2291,Interest Only,Loans,2026-02-04,2026-02-04
2292,Revolving,Loans,2026-02-04,2026-02-04
2293,Revolving,Loans,2026-02-04,2026-02-04
2294,Revolving,Loans,2026-02-04,2026-02-04
2295,Revolving,Loans,2026-02-04,2026-02-04
2296,Revolving,Loans,2026-02-04,2026-02-04
2297,Revolving,Loans,2026-02-04,2026-02-04
2298,Interest Only,Loans,2026-02-04,2026-02-04
2299,Interest Only,Loans,2026-02-04,2026-02-04
2300,Revolving,Loans,2026-02-04,2026-02-04
2301,Revolving,Loans,2026-02-04,2026-02-04
2302,Revolving,Loans,2026-02-04,2026-02-04
2303,Revolving,Loans,2026-02-04,2026-02-04
2304,Interest Only,Loans,2026-02-04,2026-02-04
2305,Revolving,Loans,2026-02-04,2026-02-04
2306,Revolving,Loans,2026-02-04,2026-02-04
2307,Revolving,Loans,2026-02-04,2026-02-04
2308,Interest Only,Loans,2026-02-04,2026-02-04
2309,Revolving,Loans,2026-02-04,2026-02-04
2310,Interest Only,Loans,2026-02-04,2026-02-04
2311,Revolving,Loans,2026-02-04,2026-02-04
2312,Revolving,Loans,2026-02-04,2026-02-04
2313,Revolving,Loans,2026-02-04,2026-02-04
2314,Interest Only,Loans,2026-02-04,2026-02-04
2315,Revolving,Loans,2026-02-04,2026-02-04
2316,Interest Only,Loans,2026-02-04,2026-02-04
2317,Revolving,Loans,2026-02-04,2026-02-04
2318,Revolving,Loans,2026-02-04,2026-02-04
2319,Revolving,Loans,2026-02-04,2026-02-04
2320,Revolving,Loans,2026-02-04,2026-02-04
2321,Revolving,Loans,2026-02-04,2026-02-04
2322,Revolving,Loans,2026-02-04,2026-02-04
2323,Revolving,Loans,2026-02-04,2026-02-04
2324,Revolving,Loans,2026-02-04,2026-02-04
2325,Interest Only,Loans,2026-02-04,2026-02-04
2326,Interest Only,Loans,2026-02-04,2026-02-04
2327,Revolving,Loans,2026-02-04,2026-02-04
2328,Revolving,Loans,2026-02-04,2026-02-04
2329,Revolving,Loans,2026-02-04,2026-02-04
2330,Revolving,Loans,2026-02-04,2026-02-04
2331,Interest Only,Loans,2026-02-04,2026-02-04
2332,Interest Only,Loans,2026-02-04,2026-02-04
2333,Interest Only,Loans,2026-02-04,2026-02-04
2334,Interest Only,Loans,2026-02-04,2026-02-04
2335,Interest Only,Loans,2026-02-04,2026-02-04
2336,Interest Only,Loans,2026-02-04,2026-02-04
2337,Revolving,Loans,2026-02-04,2026-02-04
2338,Revolving,Loans,2026-02-04,2026-02-04
2339,Revolving,Loans,2026-02-04,2026-02-04
2340,Revolving,Loans,2026-02-04,2026-02-04
2341,Revolving,Loans,2026-02-04,2026-02-04
2342,Interest Only,Loans,2026-02-04,2026-02-04
2343,Revolving,Loans,2026-02-04,2026-02-04
2344,Interest Only,Loans,2026-02-04,2026-02-04
2345,Revolving,Loans,2026-02-04,2026-02-04
2346,Revolving,Loans,2026-02-04,2026-02-04
2347,Revolving,Loans,2026-02-04,2026-02-04
2348,Interest Only,Loans,2026-02-04,2026-02-04
2349,Interest Only,Loans,2026-02-04,2026-02-04
2350,Revolving,Loans,2026-02-04,2026-02-04
2351,Interest Only,Loans,2026-02-04,2026-02-04
2352,Interest Only,Loans,2026-02-04,2026-02-04
2353,Interest Only,Loans,2026-02-04,2026-02-04
2354,Amortising,Loans,2026-02-04,2026-02-04
2355,Revolving,Loans,2026-02-04,2026-02-04
2356,Amortising,Loans,2026-02-04,2026-02-04
2357,Interest Only,Loans,2026-02-04,2026-02-04
2358,Interest Only,Loans,2026-02-04,2026-02-04
2359,Amortising,Loans,2026-02-04,2026-02-04
2360,Revolving,Loans,2026-02-04,2026-02-04
2361,Revolving,Loans,2026-02-04,2026-02-04
2362,Interest Only,Loans,2026-02-04,2026-02-04
2363,Interest Only,Loans,2026-02-04,2026-02-04
2364,Interest Only,Loans,2026-02-04,2026-02-04
2365,Revolving,Loans,2026-02-04,2026-02-04
2366,Amortising,Loans,2026-02-04,2026-02-04
2367,Interest Only,Loans,2026-02-04,2026-02-04
2368,Interest Only,Loans,2026-02-04,2026-02-04
2369,Amortising,Loans,2026-02-04,2026-02-04
2370,Revolving,Loans,2026-02-04,2026-02-04
2371,Interest Only,Loans,2026-02-04,2026-02-04
2372,Revolving,Loans,2026-02-04,2026-02-04
2373,Interest Only,Loans,2026-02-04,2026-02-04
2374,Revolving,Loans,2026-02-04,2026-02-04
2375,Amortising,Loans,2026-02-04,2026-02-04
2376,Interest Only,Loans,2026-02-04,2026-02-04
2377,Interest Only,Loans,2026-02-04,2026-02-04
2378,Interest Only,Loans,2026-02-04,2026-02-04
2379,Interest Only,Loans,2026-02-04,2026-02-04
2380,Interest Only,Loans,2026-02-04,2026-02-04
2381,Amortising,Loans,2026-02-04,2026-02-04
2382,Interest Only,Loans,2026-02-04,2026-02-04
2383,Interest Only,Loans,2026-02-04,2026-02-04
2384,Revolving,Loans,2026-02-04,2026-02-04
2385,Interest Only,Loans,2026-02-04,2026-02-04
2386,Revolving,Loans,2026-02-04,2026-02-04
2387,Amortising,Loans,2026-02-04,2026-02-04
2388,Revolving,Loans,2026-02-04,2026-02-04
2389,Revolving,Loans,2026-02-04,2026-02-04
2390,Amortising,Loans,2026-02-04,2026-02-04
2391,Amortising,Loans,2026-02-04,2026-02-04
2392,Revolving,Loans,2026-02-04,2026-02-04
2393,Revolving,Loans,2026-02-04,2026-02-04
2394,Amortising,Loans,2026-02-04,2026-02-04
2395,Amortising,Loans,2026-02-04,2026-02-04
2396,Amortising,Loans,2026-02-04,2026-02-04
2397,Amortising,Loans,2026-02-04,2026-02-04
2398,Amortising,Loans,2026-02-04,2026-02-04
2399,Revolving,Loans,2026-02-04,2026-02-04
2400,Amortising,Loans,2026-02-04,2026-02-04
2401,Interest Only,Loans,2026-02-04,2026-02-04
2402,Interest Only,Loans,2026-02-04,2026-02-04
2403,Interest Only,Loans,2026-02-04,2026-02-04
2404,Interest Only,Loans,2026-02-04,2026-02-04
2405,Amortising,Loans,2026-02-04,2026-02-04
2406,Interest Only,Loans,2026-02-04,2026-02-04
2407,Revolving,Loans,2026-02-04,2026-02-04
2408,Interest Only,Loans,2026-02-04,2026-02-04
2409,Amortising,Loans,2026-02-04,2026-02-04
2410,Interest Only,Loans,2026-02-04,2026-02-04
2411,Revolving,Loans,2026-02-04,2026-02-04
2412,Amortising,Loans,2026-02-04,2026-02-04
2413,Amortising,Loans,2026-02-04,2026-02-04
2414,Amortising,Loans,2026-02-04,2026-02-04
2415,Interest Only,Loans,2026-02-04,2026-02-04
2416,Interest Only,Loans,2026-02-04,2026-02-04
2417,Amortising,Loans,2026-02-04,2026-02-04
2418,Interest Only,Loans,2026-02-04,2026-02-04
2419,Revolving,Loans,2026-02-04,2026-02-04
2420,Amortising,Loans,2026-02-04,2026-02-04
2421,Revolving,Loans,2026-02-04,2026-02-04
2422,Revolving,Loans,2026-02-04,2026-02-04
2423,Interest Only,Loans,2026-02-04,2026-02-04
2424,Interest Only,Loans,2026-02-04,2026-02-04
2425,Amortising,Loans,2026-02-04,2026-02-04
2426,Revolving,Loans,2026-02-04,2026-02-04
2427,Interest Only,Loans,2026-02-04,2026-02-04
2428,Revolving,Loans,2026-02-04,2026-02-04
2429,Interest Only,Loans,2026-02-04,2026-02-04
2430,Revolving,Loans,2026-02-04,2026-02-04
2431,Amortising,Loans,2026-02-04,2026-02-04
2432,Interest Only,Loans,2026-02-04,2026-02-04
2433,Amortising,Loans,2026-02-04,2026-02-04
2434,Revolving,Loans,2026-02-04,2026-02-04
2435,Revolving,Loans,2026-02-04,2026-02-04
2436,Amortising,Loans,2026-02-04,2026-02-04
2437,Revolving,Loans,2026-02-04,2026-02-04
2438,Interest Only,Loans,2026-02-04,2026-02-04
2439,Interest Only,Loans,2026-02-04,2026-02-04
2440,Revolving,Loans,2026-02-04,2026-02-04
2441,Revolving,Loans,2026-02-04,2026-02-04
2442,Revolving,Loans,2026-02-04,2026-02-04
2443,Revolving,Loans,2026-02-04,2026-02-04
2444,Interest Only,Loans,2026-02-04,2026-02-04
2445,Interest Only,Loans,2026-02-04,2026-02-04
2446,Revolving,Loans,2026-02-04,2026-02-04
2447,Amortising,Loans,2026-02-04,2026-02-04
2448,Amortising,Loans,2026-02-04,2026-02-04
2449,Interest Only,Loans,2026-02-04,2026-02-04
